{"cameraMode":{"drawMode":0,"name":"Shaded","section":"Shading Mode"},"sceneLighting":false,"audioPlay":false,"sceneViewState":{"showFog":true,"showMaterialUpdate":false,"showSkybox":true,"showFlares":true,"showImageEffects":true,"showParticleSystems":true},"in2DMode":false,"pivot":{"x":-0.15754711627960206,"y":0.0,"z":1.644657850265503},"rotation":{"x":0.005999062675982714,"y":0.013204573653638363,"z":-0.00007874661969253793,"w":0.9998948574066162},"size":8.44560432434082,"orthographic":false}