{"cameraMode":{"drawMode":0,"name":"Shaded","section":"Shading Mode"},"sceneLighting":false,"audioPlay":false,"sceneViewState":{"showFog":true,"showMaterialUpdate":false,"showSkybox":true,"showFlares":true,"showImageEffects":true,"showParticleSystems":true},"in2DMode":false,"pivot":{"x":-1.7396061420440674,"y":2.293856382369995,"z":-16.70001220703125},"rotation":{"x":0.2710271179676056,"y":0.656485915184021,"z":-0.2744675576686859,"w":0.6482577919960022},"size":58.08557891845703,"orthographic":false}